Participant,CollectionSite,Address,City,State,Zip,MapURL
1ST JUDICIAL DISTRICT DRUG TASK FORCE,"1ST JUDICIAL DISTRICT DRUG TASK FORCE 
												
													PERMANENT DROP BOX",113 S. MAIN ST.,CLARENDON,AR,72029,"http://maps.google.com/maps?q=113 S. MAIN ST.,+CLARENDON,+AR+72029&hl=en"
2ND JUDICIAL DISTRICT DRUG TASK FORCE,"2ND JUDICIAL DISTRICT DRUG TASK FORCE 
												
													PERMANENT DROP BOX",401 WEST KEISER,OSCEOLA,AR,72370,"http://maps.google.com/maps?q=401 WEST KEISER,+OSCEOLA,+AR+72370&hl=en"
ALAMO POLICE DEPARTMENT,ALAMO POLICE DEPT.,31 W. MAIN ST.,ALAMO,TN,38001,"http://maps.google.com/maps?q=31 W. MAIN ST.,+ALAMO,+TN+38001&hl=en"
ARKANSAS STATE UNIVERSITY POLICE,"ARKANSAS STATE UNIVERSITY POLICE 
												
													PERMANENT DROP BOX",503 ROBINSON ST.,JONESBORO,AR,72401,"http://maps.google.com/maps?q=503 ROBINSON ST.,+JONESBORO,+AR+72401&hl=en"
ATOKA POLICE DEPT.,ATOKA PD,68 ATOKA-MCLAUGHLIN,ATOKA,TN,38004,"http://maps.google.com/maps?q=68 ATOKA-MCLAUGHLIN,+ATOKA,+TN+38004&hl=en"
BARTLETT PD,"KROGER 
												
													HWY 70 / APPLING RD",7615 HWY 70,BARTLETT,TN,38133,"http://maps.google.com/maps?q=7615 HWY 70,+BARTLETT,+TN+38133&hl=en"
BATESVILLE POLICE DEPARTMENT,BATESVILLE POLICE DEPARTMENT,106 COLLEGE STREET,BATESVILLE,MS,38606,"http://maps.google.com/maps?q=106 COLLEGE STREET,+BATESVILLE,+MS+38606&hl=en"
BAY POLICE DEPARTMENT,"BAY POLICE DEPARTMENT 
												
													PERMANENT DROP BOX",220 ELDER ST,BAY,AR,72411,"http://maps.google.com/maps?q=220 ELDER ST,+BAY,+AR+72411&hl=en"
BEDFORD COUNTY SHERIFF'S DEPT.,FIRST BAPTIST CHURCH,304 E. DEPOT ST,SHELBYVILLE,TN,37160,"http://maps.google.com/maps?q=304 E. DEPOT ST,+SHELBYVILLE,+TN+37160&hl=en"
BELLE MEADE POLICE DEPT.,BELLE MEADE POLICE DEPARTMENT,4705 HARDING PIKE,NASHVILLE,TN,37205,"http://maps.google.com/maps?q=4705 HARDING PIKE,+NASHVILLE,+TN+37205&hl=en"
BERNIE POLICE DEPARTMENT,BERNIE POLICE DEPARTMENT,206 WEST CRUMB,BERNIE,MO,63822,"http://maps.google.com/maps?q=206 WEST CRUMB,+BERNIE,+MO+63822&hl=en"
BLOUNT COUNTY DISTRICT ATTORNEY'S OFFICE,BLOUNTSVILLE TOWN HALL,10017 LEE ST,BLOUNTSVILLE,AL,35031,"http://maps.google.com/maps?q=10017 LEE ST,+BLOUNTSVILLE,+AL+35031&hl=en"
BLOUNT COUNTY DISTRICT ATTORNEY'S OFFICE,CLEVELAND PHARMACY,36321 AL 79,CLEVELAND,AL,35049,"http://maps.google.com/maps?q=36321 AL 79,+CLEVELAND,+AL+35049&hl=en"
BLOUNT COUNTY DISTRICT ATTORNEY'S OFFICE,HAYDEN HEALTH MART,4086 STATE HWY 160,HAYDEN,AL,35079,"http://maps.google.com/maps?q=4086 STATE HWY 160,+HAYDEN,+AL+35079&hl=en"
BLOUNT COUNTY DISTRICT ATTORNEY'S OFFICE,LOCUST FORK TOWN HALL,34 TOWN HALL RD,LOCUST FORK,AL,35097,"http://maps.google.com/maps?q=34 TOWN HALL RD,+LOCUST FORK,+AL+35097&hl=en"
BLYTHEVILLE POLICE DEPARTMENT,"BLYTHEVILLE POLICE DEPARTMENT 
												
													PERMANENT DROP BOX",201 W. WALNUT STREET,BLYTHEVILLE,AR,72315,"http://maps.google.com/maps?q=201 W. WALNUT STREET,+BLYTHEVILLE,+AR+72315&hl=en"
BOWLING GREEN- WARREN CO DRUG TASK FORCE,BOWLING GREEN POLICE DEPARTMENT,911 KENTUCKY STREET,BOWLING GREEN,KY,42101,"http://maps.google.com/maps?q=911 KENTUCKY STREET,+BOWLING GREEN,+KY+42101&hl=en"
BOWLING GREEN- WARREN CO DRUG TASK FORCE,"KENTUCKY STATE POLICE 
												
													POST 3",3119 NASHVILLE ROAD,BOWLING GREEN,KY,42101,"http://maps.google.com/maps?q=3119 NASHVILLE ROAD,+BOWLING GREEN,+KY+42101&hl=en"
BOWLING GREEN- WARREN CO DRUG TASK FORCE,"SAFETY CITY 
												
													IN FRONT OF GREENWOOD HIGH SCHOOL",5065 SCOTTSVILLE ROAD,BOWLING GREEN,KY,42104,"http://maps.google.com/maps?q=5065 SCOTTSVILLE ROAD,+BOWLING GREEN,+KY+42104&hl=en"
BRENTWOOD POLICE DEPARTMENT,BRENTWOOD POLICE DEPARTMENT,5211 MARYLAND WAY,BRENTWOOD,TN,37027,"http://maps.google.com/maps?q=5211 MARYLAND WAY,+BRENTWOOD,+TN+37027&hl=en"
BROWNSVILLE POLICE DEPARTMENT,BROWNSVILLE POLICE DEPARTMENT,118 N.LAFAYETTE ST.,BROWNSVILLE,TN,38012,"http://maps.google.com/maps?q=118 N.LAFAYETTE ST.,+BROWNSVILLE,+TN+38012&hl=en"
CALDWELL COUNTY SHERIFF'S OFFICE,CALDWELL COUNTY SHERIFF,100 E MARKET ST,PRINCETON,KY,42445,"http://maps.google.com/maps?q=100 E MARKET ST,+PRINCETON,+KY+42445&hl=en"
CALHOUN COUNTY SHERIFF'S OFFFICE,CALHOUN COUNTY SHERIFF'S OFFICE,178 S. MURPHREE ST.,PITTSBORO,MS,38951,"http://maps.google.com/maps?q=178 S. MURPHREE ST.,+PITTSBORO,+MS+38951&hl=en"
CAMDEN POLICE DEPT.,CAMDEN POLICE DEPT.,119 W. MAIN ST.,CAMDEN,TN,38320,"http://maps.google.com/maps?q=119 W. MAIN ST.,+CAMDEN,+TN+38320&hl=en"
CAPE GIRARDEAU POLICE DEPT.,CAPE GIRARDEAU POLICE DEPARTMENT,2530 MARIA LOUISE,CAPE GIRARDEAU,MO,63701,"http://maps.google.com/maps?q=2530 MARIA LOUISE,+CAPE GIRARDEAU,+MO+63701&hl=en"
CARBONDALE POLICE DEPARTMENT,CARBONDALE POLICE DEPARTMENT,501 SOUTH WASHINGTON STREET,CARBONDALE,IL,62901,"http://maps.google.com/maps?q=501 SOUTH WASHINGTON STREET,+CARBONDALE,+IL+62901&hl=en"
CARLISLE POLICE DEPARTMENT,"CARLISLE POLICE DEPARTMENT 
												
													PERMANENT DROP BOX",120 W. MAIN STREET,CARLISLE,AR,72024,"http://maps.google.com/maps?q=120 W. MAIN STREET,+CARLISLE,+AR+72024&hl=en"
CARROLL COUNTY SHERIFF'S OFFICE,CARROLL COUNTY SHERIFF'S OFFICE,200 NORANDAL DRIVE,HUNTINGDON,TN,38344,"http://maps.google.com/maps?q=200 NORANDAL DRIVE,+HUNTINGDON,+TN+38344&hl=en"
CAVE CITY POLICE DEPARTMENT,"CAVE CITY POLICE DEPARTMENT 
												
													PERMANENT DROP BOX",120 E. SPRING STREET,CAVE CITY,AR,72521,"http://maps.google.com/maps?q=120 E. SPRING STREET,+CAVE CITY,+AR+72521&hl=en"
CAVE SPRINGS POLICE DEPARTMENT,CAVE CITY POLICE DEPARTMENT,120 EAST SPRING ST,CAVE CITY,AR,72521,"http://maps.google.com/maps?q=120 EAST SPRING ST,+CAVE CITY,+AR+72521&hl=en"
CHAPEL HILL POLICE DEPT.,CHAPEL HILL POLICE DEPT.,119 N. HORTON PKWY,CHAPEL HILL,TN,37034,"http://maps.google.com/maps?q=119 N. HORTON PKWY,+CHAPEL HILL,+TN+37034&hl=en"
CHARLESTON DEPARTMENT OF PUBLIC SAFETY,"CHARLESTON DEPT PUBLIC SAFETY 
												
													HEADQUARTERS",204 N MAIN,CHARLESTON,MO,63834,"http://maps.google.com/maps?q=204 N MAIN,+CHARLESTON,+MO+63834&hl=en"
CHEROKEE VILLAGE POLICE DEPARTMENT,CHEROKEE VILLAGE POLICE DEPARTMENT,#2 SONTEE DRIVE,CHEROKEE VILLAGE,AR,72529,"http://maps.google.com/maps?q=#2 SONTEE DRIVE,+CHEROKEE VILLAGE,+AR+72529&hl=en"
CHESTER COUNTY SHERIFFS OFFICE,CRIMINAL JUSTICE COMPLEX,333 ERIC BELL DR.,HENDERSON,TN,38340,"http://maps.google.com/maps?q=333 ERIC BELL DR.,+HENDERSON,+TN+38340&hl=en"
COBDEN POLICE DEPARTMENT,COBDEN POLICE DEPARTMENT,112 EAST MAPLE,COBDEN,IL,62920,"http://maps.google.com/maps?q=112 EAST MAPLE,+COBDEN,+IL+62920&hl=en"
COLLIERVILLE POLICE DEPARTMENT,COLLIERVILLE POLICE DEPARTMENT,156 N. ROWLETT COLLIERVILLE,COLLIERVILLE,TN,38017,"http://maps.google.com/maps?q=156 N. ROWLETT COLLIERVILLE,+COLLIERVILLE,+TN+38017&hl=en"
CRITTENDEN COUNTY SHERIFF'S OFFICE,"CRITTENDEN COUNTY SHERIFF'S OFFICE 
												
													PERMANENT DROP BOX",350 AFCO ROAD,WEST MEMPHIS,AR,72301,"http://maps.google.com/maps?q=350 AFCO ROAD,+WEST MEMPHIS,+AR+72301&hl=en"
CROSS COUNTY SHERIFF'S OFFICE,"CROSS COUNTY SHERIFF'S OFFICE 
												
													PERMANENT DROP BOX",704 EAST CANAL ST.,WYNNE,AR,72396,"http://maps.google.com/maps?q=704 EAST CANAL ST.,+WYNNE,+AR+72396&hl=en"
CULLMAN COUNTY SHERIFF,CULLMAN COUNTY SHERIFF,1910 BEECH AVENUE SE,CULLMAN,AL,35055,"http://maps.google.com/maps?q=1910 BEECH AVENUE SE,+CULLMAN,+AL+35055&hl=en"
CULLMAN POLICE DEPARTMENT,CULLMAN POLICE DEPARTMENT,601 SECOND AVENUE NE,CULLMAN,AL,35055,"http://maps.google.com/maps?q=601 SECOND AVENUE NE,+CULLMAN,+AL+35055&hl=en"
DE WITT POLICE DEPARTMENT,"DE WITT POLICE DEPARTMENT 
												
													PERMANENT DROP BOX",120 COURT SQUARE,DE WITT,AR,72042,"http://maps.google.com/maps?q=120 COURT SQUARE,+DE WITT,+AR+72042&hl=en"
DES ARC POLICE DEPARTMENT,"DES ARC CITY HALL 
												
													PERMANENT DROP BOX",107 SOUTH THIRD STREET,DES ARC,AR,72040,"http://maps.google.com/maps?q=107 SOUTH THIRD STREET,+DES ARC,+AR+72040&hl=en"
DESLOGE POLICE DEPARTMENT,PARKLAND HEALTH MART PHARMACY,617 NORTH COWLING ST,PARK HILLS,MO,63601,"http://maps.google.com/maps?q=617 NORTH COWLING ST,+PARK HILLS,+MO+63601&hl=en"
DESOTO COUNTY SHERIFF'S DEPARTMENT,KROEGER,2380 MOUNT PLEASANT ROAD,HERNANDO,MS,38632,"http://maps.google.com/maps?q=2380 MOUNT PLEASANT ROAD,+HERNANDO,+MS+38632&hl=en"
DESOTO COUNTY SHERIFF'S DEPARTMENT,KROGER/HERNANDO,2380 MOUNT PLEASANT RD.,HERNANDO,MS,38632,"http://maps.google.com/maps?q=2380 MOUNT PLEASANT RD.,+HERNANDO,+MS+38632&hl=en"
DESOTO COUNTY SHERIFF'S DEPARTMENT,WALGREENS-HERNANDO,950 E. COMMERCE ST.,HERNANDO,MS,38632,"http://maps.google.com/maps?q=950 E. COMMERCE ST.,+HERNANDO,+MS+38632&hl=en"
DEXTER POLICE DEPARTMENT,DEXTER POLICE DEPARTMENT,305 COOPER STREET,DEXTER,MO,63841,"http://maps.google.com/maps?q=305 COOPER STREET,+DEXTER,+MO+63841&hl=en"
DICKSON POLICE DEPARTMENT,FIRST BANK,345 HWY 46 SOUTH,DICKSON,TN,37055,"http://maps.google.com/maps?q=345 HWY 46 SOUTH,+DICKSON,+TN+37055&hl=en"
DONIPHAN POLICE DEPT.,DONIPHAN POLICE DEPT.,124 JEFFERSON,DONIPHAN,MO,63935,"http://maps.google.com/maps?q=124 JEFFERSON,+DONIPHAN,+MO+63935&hl=en"
DUMAS POLICE DEPARTMENT,"DUMAS POLICE DEPARTMENT 
												
													PERMANENT DROP BOX",149 E WATERMAN,DUMAS,AR,71639,"http://maps.google.com/maps?q=149 E WATERMAN,+DUMAS,+AR+71639&hl=en"
DYER COUNTY SHERIFF'S DEPT.,DYER CO. HEALTH DEPT.,1755 PARR AVE.,DYERSBURG,TN,38024,"http://maps.google.com/maps?q=1755 PARR AVE.,+DYERSBURG,+TN+38024&hl=en"
DYER COUNTY SHERIFF'S OFFICE,"DYER COUNTY JAIL 
												
													LOBBY",401 EAST CEDAR STREET,DYERSBURG,TN,38024,"http://maps.google.com/maps?q=401 EAST CEDAR STREET,+DYERSBURG,+TN+38024&hl=en"
EAST PRAIRIE POLICE DEPARTMENT,"EAST PRAIRIE POLICE DEPARTMENT 
												
													MARK HIGGINS",219 N. WASHINGTON,EAST PRAIRIE,MO,63845,"http://maps.google.com/maps?q=219 N. WASHINGTON,+EAST PRAIRIE,+MO+63845&hl=en"
FAIRVIEW POLICE DEPARTMENT,FRED'S PHARMACY,2415 FAIRVIEW BLVD,FAIRVIEW,TN,37062,"http://maps.google.com/maps?q=2415 FAIRVIEW BLVD,+FAIRVIEW,+TN+37062&hl=en"
FARMINGTON POLICE DEPARTMENT,FARMINGTON POLICE DEPT.,310 STE. GENEVIEVE AVE,FARMINGTON,MO,63640,"http://maps.google.com/maps?q=310 STE. GENEVIEVE AVE,+FARMINGTON,+MO+63640&hl=en"
FORREST CITY POLICE DEPARTMENT,"FORREST CITY POLICE DEPARTMENT 
												
													WAL-MART SUPERCENTER",205 DEADRICK ROAD,FORREST CITY,AR,72335,"http://maps.google.com/maps?q=205 DEADRICK ROAD,+FORREST CITY,+AR+72335&hl=en"
FREDERICKTOWN POLICE DEPARTMENT,FREDERICKTOWN WALMART SUPERCENTER,1025 WALTON DRIVE,FREDERICKTOWN,MO,63645,"http://maps.google.com/maps?q=1025 WALTON DRIVE,+FREDERICKTOWN,+MO+63645&hl=en"
FULTON POLICE DEPARTMENT,WAL MART SUPERCENTER,101 INTERCHANGE DR.1409 S. ADAMS ST.,FULTON,MS,38843,"http://maps.google.com/maps?q=101 INTERCHANGE DR.,+FULTON,+MS+38843&hl=en"
GARDENDALE POLICE DEPARTMENT,GARDENDALE POLICE DEPARTMENT,1309 DECATUR HIGHWAY,GARDENDALE,AL,35071,"http://maps.google.com/maps?q=1309 DECATUR HIGHWAY,+GARDENDALE,+AL+35071&hl=en"
GERMANTOWN POLICE,KROGER,7735 FARMINGTON BLVD.,GERMANTOWN,TN,38138,"http://maps.google.com/maps?q=7735 FARMINGTON BLVD.,+GERMANTOWN,+TN+38138&hl=en"
GERMANTOWN POLICE,"TARGET 
												
													AT VILLAGE SHOPS",9235 POPLAR AVENUE,GERMANTOWN,TN,38139,"http://maps.google.com/maps?q=9235 POPLAR AVENUE,+GERMANTOWN,+TN+38139&hl=en"
GIBSON COUNTY SHERIFF'S OFFICE,GIBSON COUNTY SHERIFF'S OFFICE,401 N. COLLEGE STREET,TRENTON,TN,38382,"http://maps.google.com/maps?q=401 N. COLLEGE STREET,+TRENTON,+TN+38382&hl=en"
GILES COUNTY SHERIFF'S DEPT.,CVS PHARMACY,709 W COLLEGE ST.,PULASKI,TN,38478,"http://maps.google.com/maps?q=709 W COLLEGE ST.,+PULASKI,+TN+38478&hl=en"
GOODLETTSVILLE POLICE DEPARTMENT,GOODLETTSVILLE POLICE DEPARTMENT,105 SOUTH MAIN STREET,GOODLETTSVILLE,TN,37072,"http://maps.google.com/maps?q=105 SOUTH MAIN STREET,+GOODLETTSVILLE,+TN+37072&hl=en"
GREENBRIER POLICE DEPARTMENT,GREENBRIER PHARMACY,2239 HWY 41 S,GREENBRIER,TN,37073,"http://maps.google.com/maps?q=2239 HWY 41 S,+GREENBRIER,+TN+37073&hl=en"
GREENE COUNTY SHERIFF'S OFFICE,"GREENE COUNTY SHERIFF'S OFFICE 
												
													PERMANENT DROP BOX",1809 ROCKINGCHAIR RD,PARAGOULD,AR,72450,"http://maps.google.com/maps?q=1809 ROCKINGCHAIR RD,+PARAGOULD,+AR+72450&hl=en"
GREENE COUNTY SHERIFF'S OFFICE,WAL-MART,2802 W. KINGS HWY,PARAGOULD,AR,72450,"http://maps.google.com/maps?q=2802 W. KINGS HWY,+PARAGOULD,+AR+72450&hl=en"
HANCOCK COUNTY SHERIFF'S OFFICE,LEWISPORT FIRE DEPARTMENT,4TH STREET,LEWISPORT,KY,42351,"http://maps.google.com/maps?q=4TH STREET,+LEWISPORT,+KY+42351&hl=en"
HARRISBURG POLICE DEPARTMENT,"HARRISBURG POLICE DEPARTMENT 
												
													PERMANENT DROP BOX",202 N. EAST STREET,HARRISBURG,AR,72432,"http://maps.google.com/maps?q=202 N. EAST STREET,+HARRISBURG,+AR+72432&hl=en"
HELENA-WEST HELENA POLICE DEPARTMENT,"HELENA - WEST HELENA POLICE DEPARMENT 
												
													PERMANENT DROP BOX",98 EAST PLAZA,WEST HELENA,AR,72390,"http://maps.google.com/maps?q=98 EAST PLAZA,+WEST HELENA,+AR+72390&hl=en"
HENDERSONVILLE POLICE DEPT.,HENDERSONVILLE PD,#3 EXECUTIVE PARK DR.,HENDERSONVILLE,TN,37075,"http://maps.google.com/maps?q=#3 EXECUTIVE PARK DR.,+HENDERSONVILLE,+TN+37075&hl=en"
HUMBOLDT POLICE DEPARTMENT,HUMBOLDT PD,1421 OSBORNE ST.,HUMBOLDT,TN,38343,"http://maps.google.com/maps?q=1421 OSBORNE ST.,+HUMBOLDT,+TN+38343&hl=en"
HUMPHREYS SHERIFF'S OFFICE,"CASE DRUG 
												
													1: 30 P.M. - 3:30 P.M.",990 BROADWAY AVE.,NEW JOHNSONVILLE,TN,37134,"http://maps.google.com/maps?q=990 BROADWAY AVE.,+NEW JOHNSONVILLE,+TN+37134&hl=en"
HUMPHREYS SHERIFF'S OFFICE,"CVS 
												
													11:00 A.M. - 1:00 P.M.",408 W. MAIN ST.,WAVERLY,TN,37185,"http://maps.google.com/maps?q=408 W. MAIN ST.,+WAVERLY,+TN+37185&hl=en"
HUMPHREYS SHERIFF'S OFFICE,"MCEWEN PRESCRIPTION SHOP 
												
													8:30 A.M. - 10:30 A.M.",10033 HWY 70 E,MC EWEN,TN,37101,"http://maps.google.com/maps?q=10033 HWY 70 E,+MC EWEN,+TN+37101&hl=en"
HUNTINGDON POLICE DEPT.,HUNTINGDON PUBLIC SAFETY BLDG.,12740 LEXINGTON ST.,HUNTINGDON,TN,38344,"http://maps.google.com/maps?q=12740 LEXINGTON ST.,+HUNTINGDON,+TN+38344&hl=en"
INDEPENDENCE COUNTY SHERIFF'S DEPARTMENT,"INDEPENDENCE COUNTY SHERIFF'S OFFICE 
												
													PERMANENT DROP BOX",1750 MYERS STREET,BATESVILLE,AR,72501,"http://maps.google.com/maps?q=1750 MYERS STREET,+BATESVILLE,+AR+72501&hl=en"
IZARD COUNTY SHERIFF'S DEPARTMENT,"HORSESHOE BEND STATION 
												
													PERMANENT DROP BOX",204 COMMERCE ST,HORSESHOE BEND,AR,72512,"http://maps.google.com/maps?q=204 COMMERCE ST,+HORSESHOE BEND,+AR+72512&hl=en"
JACKSON COUNTY SHERIFF'S OFFICE,"JACKSON COUNTY SO 
												
													PERMANENT DROP BOX",615 SECOND ST,NEWPORT,AR,72112,"http://maps.google.com/maps?q=615 SECOND ST,+NEWPORT,+AR+72112&hl=en"
JACKSON COUNTY SHERIFF'S OFFICE,UNITY HEALTH CLINIC,1117 MCLAIN ST,NEWPORT,AR,72112,"http://maps.google.com/maps?q=1117 MCLAIN ST,+NEWPORT,+AR+72112&hl=en"
JACKSON POLICE DEPARTMENT,JACKSON POLICE / FIRE COMPLEX,525 S. HOPE ST.,JACKSON,MO,63755,"http://maps.google.com/maps?q=525 S. HOPE ST.,+JACKSON,+MO+63755&hl=en"
JACKSON-MADISON COUNTY METRO NARCOTICS,CVS PHARMACY,1405 N. HIGHLAND,JACKSON,TN,38301,"http://maps.google.com/maps?q=1405 N. HIGHLAND,+JACKSON,+TN+38301&hl=en"
JACKSON-MADISON COUNTY METRO NARCOTICS,KROGER PHARMACY,41 STONEBROOK PLACE,JACKSON,TN,38301,"http://maps.google.com/maps?q=41 STONEBROOK PLACE,+JACKSON,+TN+38301&hl=en"
JACKSON-MADISON COUNTY METRO NARCOTICS,"WAL-GREENS 
												
													BEMIS",1405 S HIGHLAND AVE,JACKSON,TN,38301,"http://maps.google.com/maps?q=1405 S HIGHLAND AVE,+JACKSON,+TN+38301&hl=en"
JASPER POLICE DEPARTMENT,JASPER POLICE DEPARTMENT,1610 ALABAMA AVENUE,JASPER,AL,35501,"http://maps.google.com/maps?q=1610 ALABAMA AVENUE,+JASPER,+AL+35501&hl=en"
JEFFERSON COUNTY SHERIFF DEPARTMENT,JEFFERSON COUNTY SHERIFF DEPARTMENT,2651 CENTER POINT ROAD,BIRMINGHAM,AL,35215,"http://maps.google.com/maps?q=2651 CENTER POINT ROAD,+BIRMINGHAM,+AL+35215&hl=en"
JONESBORO POLICE DEPARTMENT,"JONESBORO POLICE DEPARTMENT 
												
													PERMANENT DROP BOX",1001 S. CARAWAY RD,JONESBORO,AR,72401,"http://maps.google.com/maps?q=1001 S. CARAWAY RD,+JONESBORO,+AR+72401&hl=en"
KENNETT POLICE DEPT,KENNETT POLICE DEPT,200 CEDAR,KENNETT,MO,63857,"http://maps.google.com/maps?q=200 CEDAR,+KENNETT,+MO+63857&hl=en"
KENTUCKY STATE POLICE POST 16,KSP POST 16,8298 KEACH DRIVE,HENDERSON,KY,42420,"http://maps.google.com/maps?q=8298 KEACH DRIVE,+HENDERSON,+KY+42420&hl=en"
KENTUCKY STATE POLICE POST 2,KENTUCKY STATE POLICE POST 2,1000 WESTERN KENTUCKY PARKWAY,NORTONVILLE,KY,42442,"http://maps.google.com/maps?q=1000 WESTERN KENTUCKY PARKWAY,+NORTONVILLE,+KY+42442&hl=en"
KENTUCKY STATE POLICE POST 3,"KENTUCKY STATE POLICE 
												
													POST 3",3119NASHVILLE RD.,BOWLING GREEN,KY,42101,"http://maps.google.com/maps?q=3119,+BOWLING GREEN,+KY+42101&hl=en"
LAVERGNE POLICE DEPARTMENT,KROGER,5145 MURFREESBORO RD,LA VERGNE,TN,37086,"http://maps.google.com/maps?q=5145 MURFREESBORO RD,+LA VERGNE,+TN+37086&hl=en"
LAWRENCE CO. SHERIFF'S DEPT.,WLX COUNTRY CAFE,1212 N. LOCUST AVE,LAWRENCEBURG,TN,38464,"http://maps.google.com/maps?q=1212 N. LOCUST AVE,+LAWRENCEBURG,+TN+38464&hl=en"
LAWRENCE COUNTY SHERIFF'S DEPARTMENT,"LAWRENCE COUNTY SHERIFF'S OFFICE 
												
													PERMANENT DROP BOX",315 W MAIN STREET,WALNUT RIDGE,AR,72476,"http://maps.google.com/maps?q=315 W MAIN STREET,+WALNUT RIDGE,+AR+72476&hl=en"
LEBANON POLICE DEPARTMENT,WALGREENS,606 S. CUMBERLAND ST.,LEBANON,TN,37087,"http://maps.google.com/maps?q=606 S. CUMBERLAND ST.,+LEBANON,+TN+37087&hl=en"
LEE COUNTY SHERIFF'S DEPARTMENT,"LEE COUNTY SHERIFF'S DEPARTMENT 
												
													FRIDAY, APRIL 27, 2018 - NTBI XV",510 NORTH COMMERCE ST.,TUPELO,MS,38804,"http://maps.google.com/maps?q=510 NORTH COMMERCE ST.,+TUPELO,+MS+38804&hl=en"
LEITCHFIELD POLICE DEPARTMENT,LEITCHFIELD POLICE DEPT,117 SOUTH MAIN STREET,LEITCHFIELD,KY,42754,"http://maps.google.com/maps?q=117 SOUTH MAIN STREET,+LEITCHFIELD,+KY+42754&hl=en"
LEXINGTON POLICE DEPARTMENT,FAMILY PHARMACY,6 HOSPITAL DRIVE,LEXINGTON,TN,38351,"http://maps.google.com/maps?q=6 HOSPITAL DRIVE,+LEXINGTON,+TN+38351&hl=en"
LEXINGTON POLICE DEPARTMENT,WALGREENS PHARMACY,603 WEST CHURCH STREET,LEXINGTON,TN,38351,"http://maps.google.com/maps?q=603 WEST CHURCH STREET,+LEXINGTON,+TN+38351&hl=en"
LINCOLN CO. SHERIFF'S DEPT,LINCOLN COUNTY HIGH SCHOOL,1233 HUNTSVILLE HWY,FAYETTEVILLE,TN,37334,"http://maps.google.com/maps?q=1233 HUNTSVILLE HWY,+FAYETTEVILLE,+TN+37334&hl=en"
LORETTO POLICE DEPT.,LORETTO CITY HALL,415 NORTH MILITARY STRREET,LORETTO,TN,38469,"http://maps.google.com/maps?q=415 NORTH MILITARY STRREET,+LORETTO,+TN+38469&hl=en"
MALDEN POLICE DEPARTMENT,MALDEN POLICE DEPT.,112 E LACLEDE,MALDEN,MO,63863,"http://maps.google.com/maps?q=112 E LACLEDE,+MALDEN,+MO+63863&hl=en"
MARION POLICE DEPARTMENT,"MARION POLICE DEPARTMENT 
												
													CHIEF RAY O'NEAL",217 SOUTH MAIN STREET,MARION,KY,42064,"http://maps.google.com/maps?q=217 SOUTH MAIN STREET,+MARION,+KY+42064&hl=en"
MARION POLICE DEPARTMENT,"MARION POLICE DEPARTMENT 
												
													PERMANENT DROP BOX",3477 HWY 77,MARION,AR,72364,"http://maps.google.com/maps?q=3477 HWY 77,+MARION,+AR+72364&hl=en"
MARSHALL COUNTY SHERIFF'S OFFICE,MARSHALL COUNTY SHERIFF'S OFFICE,209 1ST AVE N.,LEWISBURG,TN,37091,"http://maps.google.com/maps?q=209 1ST AVE N.,+LEWISBURG,+TN+37091&hl=en"
MASSAC COUNTY SHERIFF'S DEPT,"MASSAC COUNTY SHERIFF'S DEPT 
												
													LOCATED IN THE LOBBY",515 MARKET ST,METROPOLIS,IL,62960,"http://maps.google.com/maps?q=515 MARKET ST,+METROPOLIS,+IL+62960&hl=en"
MCCRORY POLICE DEPARTMENT,"MCCRORY POLICE DEPARTMENT 
												
													PERMANENT DROP BOX",109 N. JACKSON,MC CRORY,AR,72101,"http://maps.google.com/maps?q=109 N. JACKSON,+MC CRORY,+AR+72101&hl=en"
MCCRORY POLICE DEPARTMENT,THE MAD BUTCHER,721 NORTH EDMONDS,MC CRORY,AR,72101,"http://maps.google.com/maps?q=721 NORTH EDMONDS,+MC CRORY,+AR+72101&hl=en"
MCNAIRY COUNTY SHERIFF'S OFFICE,MCNAIRY COUNTY SHERIFF'S OFFICE,300 INDUSTRIAL PARK DR,SELMER,TN,38375,"http://maps.google.com/maps?q=300 INDUSTRIAL PARK DR,+SELMER,+TN+38375&hl=en"
MEMPHIS POLICE DEPT.,KROGER,2835 KIRBY PKWY,MEMPHIS,TN,38119,"http://maps.google.com/maps?q=2835 KIRBY PKWY,+MEMPHIS,+TN+38119&hl=en"
MEMPHIS POLICE DEPT.,KROGER,3444 PLAZA DRIVE,MEMPHIS,TN,38111,"http://maps.google.com/maps?q=3444 PLAZA DRIVE,+MEMPHIS,+TN+38111&hl=en"
MEMPHIS POLICE DEPT.,KROGER,6660 POPLAR AVENUE,GERMANTOWN,TN,38138,"http://maps.google.com/maps?q=6660 POPLAR AVENUE,+GERMANTOWN,+TN+38138&hl=en"
MEMPHIS POLICE DEPT.,"MEMPHIS POLICE DEPT 
												
													ORGANIZED CRIME UNIT",225 CHANNEL 3 DR,MEMPHIS,TN,38108,"http://maps.google.com/maps?q=225 CHANNEL 3 DR,+MEMPHIS,+TN+38108&hl=en"
MEMPHIS POLICE DEPT.,"OVERTON PARK- EAST PARKWAY PAVILLION 
												
													ENTRY NEXT TO THE FIRE STATION",1914 POPLAR AVE.,MEMPHIS,TN,38104,"http://maps.google.com/maps?q=1914 POPLAR AVE.,+MEMPHIS,+TN+38104&hl=en"
MEMPHIS POLICE DEPT.,THE HOUSE MEMPHIS,3683 AUSTIN PEAY HIGHWAY,MEMPHIS,TN,38128,"http://maps.google.com/maps?q=3683 AUSTIN PEAY HIGHWAY,+MEMPHIS,+TN+38128&hl=en"
METRO NASHVILLE POLICE DEPARTMENT,KROGER,5544 OLD HICKORY BLVD.,HERMITAGE,TN,37076,"http://maps.google.com/maps?q=5544 OLD HICKORY BLVD.,+HERMITAGE,+TN+37076&hl=en"
METRO NASHVILLE POLICE DEPARTMENT,KROGER,6690 NOLENSVILLE RD.,BRENTWOOD,TN,37027,"http://maps.google.com/maps?q=6690 NOLENSVILLE RD.,+BRENTWOOD,+TN+37027&hl=en"
MIDDLE TN STATE UNIVERSITY POLICE DEPARTMENT,MTSU HEALTH SERVICES,1848 BLUE RAIDER DRIVE,MURFREESBORO,TN,37132,"http://maps.google.com/maps?q=1848 BLUE RAIDER DRIVE,+MURFREESBORO,+TN+37132&hl=en"
MILAN POLICE DEPARTMENT,MILAN HEALTH DEPT.,6501 TELECOM DRIVE,MILAN,TN,38358,"http://maps.google.com/maps?q=6501 TELECOM DRIVE,+MILAN,+TN+38358&hl=en"
MILAN POLICE DEPARTMENT,"MILAN PUBLIC SAFETY BUILDING 
												
													DROP BOX IN LOBBY",7029 TELECOM DRIVE,MILAN,TN,38358,"http://maps.google.com/maps?q=7029 TELECOM DRIVE,+MILAN,+TN+38358&hl=en"
MISSISSIPPI COUNTY SHERIFF'S OFFICE,"MISSISSIPPI COUNTY SHERIFF'S OFFICE 
												
													PERMANENT DROP BOX",685 NCR 599,LUXORA,AR,72358,"http://maps.google.com/maps?q=685 NCR 599,+LUXORA,+AR+72358&hl=en"
MT. JULIET POLICE DEPT.,MT. JULIET POLICE DEPT.,1019 CHARLIE DANIELS PKWY,MOUNT JULIET,TN,37122,"http://maps.google.com/maps?q=1019 CHARLIE DANIELS PKWY,+MOUNT JULIET,+TN+37122&hl=en"
MUNFORD POLICE DEPARTMENT,MUNFORD POLICE DEPARTMENT,79 COLLEGE STREET,MUNFORD,TN,38058,"http://maps.google.com/maps?q=79 COLLEGE STREET,+MUNFORD,+TN+38058&hl=en"
NEW JOHNSONVILLE POLICE DEPARTMENT,NEW JOHNSONVILLE CITY HALL,323 LONG ST.,NEW JOHNSONVILLE,TN,37134,"http://maps.google.com/maps?q=323 LONG ST.,+NEW JOHNSONVILLE,+TN+37134&hl=en"
NEWBERN POLICE DEPT.,NEWBERN POLICE DEPT.,121 EAST MAIN ST.,NEWBERN,TN,38059,"http://maps.google.com/maps?q=121 EAST MAIN ST.,+NEWBERN,+TN+38059&hl=en"
NEWPORT POLICE DEPARTMENT,"NEWPORT POLICE DEPARTMENT 
												
													PERMANENT DROP BOX",615 THIRD ST.,NEWPORT,AR,72112,"http://maps.google.com/maps?q=615 THIRD ST.,+NEWPORT,+AR+72112&hl=en"
OAKLAND POLICE DEPT.,CITY HALL,170 DOSS CIRCLE,OAKLAND,TN,38060,"http://maps.google.com/maps?q=170 DOSS CIRCLE,+OAKLAND,+TN+38060&hl=en"
OLIVE BRANCH POLICE DEPARTMENT,"OLIVE BRANCH POLICE DEPARTMENT 
												
													LT. JASON OLIVERIA",10470 HIGHWAY 178,OLIVE BRANCH,MS,38654,"http://maps.google.com/maps?q=10470 HIGHWAY 178,+OLIVE BRANCH,+MS+38654&hl=en"
OSCEOLA POLICE DEPARTMENT,"OSCEOLA POLICE DEPARTMENT 
												
													PERMANENT DROP BOX",401 W. KEISER,OSCEOLA,AR,72370,"http://maps.google.com/maps?q=401 W. KEISER,+OSCEOLA,+AR+72370&hl=en"
OWENSBORO POLICE DEPARTMENT,"OWENSBORO POLICE DEPARTMENT 
												
													FRONT LOBBY",222 E 9TH ST,OWENSBORO,KY,42303,"http://maps.google.com/maps?q=222 E 9TH ST,+OWENSBORO,+KY+42303&hl=en"
OXFORD POLICE DEPARTMENT,"OXFORD SQUARE AREA - DOUBLE DECKER ARTS FESTIVAL 
												
													CORNER-JACKSON AVE. & 9TH ST. BY ST. PETERS EPISCOPAL CHURCH",JACKSON AVE. & 9TH STREETNEAR ST. PETERS EPISCOPAL CHURCH,OXFORD,MS,38655,"http://maps.google.com/maps?q=JACKSON AVE. & 9TH STREET,+OXFORD,+MS+38655&hl=en"
PANGBURN POLICE DEPARTMENT,"PANGBURN POLICE DEPARTMENT 
												
													PERMANENT DROP BOX",508 MAIN ST.,PANGBURN,AR,72121,"http://maps.google.com/maps?q=508 MAIN ST.,+PANGBURN,+AR+72121&hl=en"
PARAGOULD POLICE DEPARTEMENT,"PARAGOULD POLICE DEPARTMENT 
												
													PERMANENT DROP BOX",101 N. 3 1/2 STREET,PARAGOULD,AR,72450,"http://maps.google.com/maps?q=101 N. 3 1/2 STREET,+PARAGOULD,+AR+72450&hl=en"
PARK HILLS POLICE DEPARTMENT,PARK HILLS POLICE DEPARTMENT,8 MUNICIPAL ST,PARK HILLS,MO,63601,"http://maps.google.com/maps?q=8 MUNICIPAL ST,+PARK HILLS,+MO+63601&hl=en"
PERRY COUNTY SHERIFF,PERRY COUNTY SHERIFF,710 S. KINGSHIGHWAY ST,PERRYVILLE,MO,63775,"http://maps.google.com/maps?q=710 S. KINGSHIGHWAY ST,+PERRYVILLE,+MO+63775&hl=en"
PERRYVILLE POLICE DEPARTMENT,PERRYVILLE POLICE DEPARTMENT,120 N. JACKSON STREET,PERRYVILLE,MO,63775,"http://maps.google.com/maps?q=120 N. JACKSON STREET,+PERRYVILLE,+MO+63775&hl=en"
PIGGOTT POLICE DEPARTMENT,PIGGOTT POLICE DEPARTMENT,194 WEST COURT STREET,PIGGOTT,AR,72454,"http://maps.google.com/maps?q=194 WEST COURT STREET,+PIGGOTT,+AR+72454&hl=en"
POCAHONTAS POLICE DEPARTMENT,"POCAHONTAS CITY HALL 
												
													PERMANENT DROP BOX",410 N. MARR,POCAHONTAS,AR,72455,"http://maps.google.com/maps?q=410 N. MARR,+POCAHONTAS,+AR+72455&hl=en"
POINSETT COUNTY SHERIFF'S OFFICE,"POINSETT COUNTY DETENTION CENTER 
												
													PERMANENT DROP BOX",1500 JUSTICE DRIVE,HARRISBURG,AR,72432,"http://maps.google.com/maps?q=1500 JUSTICE DRIVE,+HARRISBURG,+AR+72432&hl=en"
POPLAR BLUFF POLICE DEPARTMENT,POPLAR BLUFF POLICE DEPARTMENT,1111 POPLAR ST,POPLAR BLUFF,MO,63901,"http://maps.google.com/maps?q=1111 POPLAR ST,+POPLAR BLUFF,+MO+63901&hl=en"
PORTLAND POLICE DEPARTMENT,PORTLAND POLICE DEPT.,433 N. BROADWAY,PORTLAND,TN,37148,"http://maps.google.com/maps?q=433 N. BROADWAY,+PORTLAND,+TN+37148&hl=en"
PUXICO POLICE DEPARTMENT,PUXICO POLICE DEPARTMENT,141 N. HICKMAN,PUXICO,MO,63960,"http://maps.google.com/maps?q=141 N. HICKMAN,+PUXICO,+MO+63960&hl=en"
RANDOLPH COUNTY SHERIFF'S DEPARTMENT,"RANDOLPH COUNTY SHERIFF'S DEPARTMENT 
												
													PERMANENT DROP BOX",1510 PACE ROAD,POCAHONTAS,AR,72455,"http://maps.google.com/maps?q=1510 PACE ROAD,+POCAHONTAS,+AR+72455&hl=en"
REYNOLDS COUNTY SHERIFF'S OFFICE,REYNOLDS COUNTY SHERIFF'S OFFICE,2319 GREEN ST.,CENTERVILLE,MO,63633,"http://maps.google.com/maps?q=2319 GREEN ST.,+CENTERVILLE,+MO+63633&hl=en"
ROBERTSON COUNTY SHERIFF'S OFFICE,CVS,903 MEMORIAL BLVD.,SPRINGFIELD,TN,37172,"http://maps.google.com/maps?q=903 MEMORIAL BLVD.,+SPRINGFIELD,+TN+37172&hl=en"
RUTHERFORD COUNTY SHERIFF'S OFFICE,CRUSH THE CRISIS,200 STONECREST BLVD.,SMYRNA,TN,37167,"http://maps.google.com/maps?q=200 STONECREST BLVD.,+SMYRNA,+TN+37167&hl=en"
RUTHERFORD COUNTY SHERIFF'S OFFICE,RUTHERFORD COUNTY SHERIFF'S OFFICE,940 NEW SALEM HIGHWAY,MURFREESBORO,TN,37129,"http://maps.google.com/maps?q=940 NEW SALEM HIGHWAY,+MURFREESBORO,+TN+37129&hl=en"
SALINE COUNTY SHERIFF'S OFFICE,SALINE COUNTY COURTHOUSE,15 E POPLAR ST,HARRISBURG,IL,62946,"http://maps.google.com/maps?q=15 E POPLAR ST,+HARRISBURG,+IL+62946&hl=en"
SAVANNAH POLICE DEPT.,SAVANNAH POLICE DEPT.,80 KING ST.,SAVANNAH,TN,38372,"http://maps.google.com/maps?q=80 KING ST.,+SAVANNAH,+TN+38372&hl=en"
SCOTT CITY POLICE DEPARTMENT,SCOTT CITY POLICE DEPARTMENT,618 MAIN ST,SCOTT CITY,MO,63780,"http://maps.google.com/maps?q=618 MAIN ST,+SCOTT CITY,+MO+63780&hl=en"
SHAWNEETOWN POLICE DEPARTMENT,CITY HALL,330 N. LINCOLN BLVD,SHAWNEETOWN,IL,62984,"http://maps.google.com/maps?q=330 N. LINCOLN BLVD,+SHAWNEETOWN,+IL+62984&hl=en"
SIKESTON DEPARTMENT OF PUBLIC SAFETY,SIKESTON DEPARTMENT OF PUBLIC SAFETY,201 NORTH KINGSHIGHWAY,SIKESTON,MO,63801,"http://maps.google.com/maps?q=201 NORTH KINGSHIGHWAY,+SIKESTON,+MO+63801&hl=en"
SMYRNA POLICE DEPARTMENT,SMYRNA PD,400 ENON SPRINGS RD EAST,SMYRNA,TN,37167,"http://maps.google.com/maps?q=400 ENON SPRINGS RD EAST,+SMYRNA,+TN+37167&hl=en"
SOUTH FULTON POLICE DEPARTMENT,SOUTH FULTON POLICE DEPARTMENT,700 MILTON COUNCE DR.,SOUTH FULTON,TN,38257,"http://maps.google.com/maps?q=700 MILTON COUNCE DR.,+SOUTH FULTON,+TN+38257&hl=en"
SPRING HILL POLICE DEPARTMENT,B & B PHARMACY,5407 MAIN STREET,SPRING HILL,TN,37174,"http://maps.google.com/maps?q=5407 MAIN STREET,+SPRING HILL,+TN+37174&hl=en"
SPRING HILL POLICE DEPARTMENT,"SPRING HILL POLICE DEPARTMENT 
												
													24/7 ACCESS",199 TOWN CENTER PKWY - LOWER LEVEL,SPRING HILL,TN,37174,"http://maps.google.com/maps?q=199 TOWN CENTER PKWY - LOWER LEVEL,+SPRING HILL,+TN+37174&hl=en"
STEELE POLICE DEPARTMENT,STEELE POLICE DEPARTMENT,115 S WALNUT,STEELE,MO,63877,"http://maps.google.com/maps?q=115 S WALNUT,+STEELE,+MO+63877&hl=en"
STUTTGART POLICE DEPARTMENT,COKER-HAMPTON DRUG CO,2187 SOUTH MAIN STREET,STUTTGART,AR,72160,"http://maps.google.com/maps?q=2187 SOUTH MAIN STREET,+STUTTGART,+AR+72160&hl=en"
STUTTGART POLICE DEPARTMENT,"STUTTGART POLICE DEPARTMENT 
												
													LOBBY",514 SOUTH MAIN ST.,STUTTGART,AR,72160,"http://maps.google.com/maps?q=514 SOUTH MAIN ST.,+STUTTGART,+AR+72160&hl=en"
SUMNER COUNTY SHERIFF`S OFFICE,FREDS PHARMACY,5305 HWY 31E,WESTMORELAND,TN,37186,"http://maps.google.com/maps?q=5305 HWY 31E,+WESTMORELAND,+TN+37186&hl=en"
SUMNER COUNTY SHERIFF`S OFFICE,PERKINS DRUG STORE,532 HARTSVILLE PIKE,GALLATIN,TN,37066,"http://maps.google.com/maps?q=532 HARTSVILLE PIKE,+GALLATIN,+TN+37066&hl=en"
SUMNER COUNTY SHERIFF`S OFFICE,WALGREENS,104 HWY 52,PORTLAND,TN,37148,"http://maps.google.com/maps?q=104 HWY 52,+PORTLAND,+TN+37148&hl=en"
SUMNER COUNTY SHERIFF`S OFFICE,WALGREENS,198 E MAIN ST,HENDERSONVILLE,TN,37075,"http://maps.google.com/maps?q=198 E MAIN ST,+HENDERSONVILLE,+TN+37075&hl=en"
SUMNER COUNTY SHERIFF`S OFFICE,WALGREENS,365 NEW SHACKLE ISLAND,HENDERSONVILLE,TN,37075,"http://maps.google.com/maps?q=365 NEW SHACKLE ISLAND,+HENDERSONVILLE,+TN+37075&hl=en"
SUMNER COUNTY SHERIFF`S OFFICE,WALGREENS,455 LONG HOLLOW PIKE,GOODLETTSVILLE,TN,37072,"http://maps.google.com/maps?q=455 LONG HOLLOW PIKE,+GOODLETTSVILLE,+TN+37072&hl=en"
SUMNER COUNTY SHERIFF`S OFFICE,WALGREENS,585 HASHVILLE PIKE,GALLATIN,TN,37066,"http://maps.google.com/maps?q=585 HASHVILLE PIKE,+GALLATIN,+TN+37066&hl=en"
SUMNER COUNTY SHERIFF`S OFFICE,WALGREENS,914 GREENLEA BLVD,GALLATIN,TN,37066,"http://maps.google.com/maps?q=914 GREENLEA BLVD,+GALLATIN,+TN+37066&hl=en"
TBI,TBI HQ,901 R.S. GASS BLVD,NASHVILLE,TN,37216,"http://maps.google.com/maps?q=901 R.S. GASS BLVD,+NASHVILLE,+TN+37216&hl=en"
THAYER POLICE DEPARTMENT,THAYER POLICE DEPARTMENT,102 FRONT ST.,THAYER,MO,65791,"http://maps.google.com/maps?q=102 FRONT ST.,+THAYER,+MO+65791&hl=en"
TIPTON COUNTY SHERIFF'S OFFICE,"TIPTON COUNTY SHERIFF'S OFFICE 
												
													CRIMINAL JUSTICE COMPLEX",1801 S. COLLEGE STSUITE 106,COVINGTON,TN,38019,"http://maps.google.com/maps?q=1801 S. COLLEGE ST,+COVINGTON,+TN+38019&hl=en"
TRIGG COUNTY SHERIFF'S OFFICE,TRIGG COUNTY SHERIFF'S OFFICE,134 COMMERCE STREET,CADIZ,KY,42211,"http://maps.google.com/maps?q=134 COMMERCE STREET,+CADIZ,+KY+42211&hl=en"
TRUMANN POLICE DEPARTMENT,"TRUMANN POLICE DEPARTMENT 
												
													PERMANENT DROP BOX",221 MELTON AVE.,TRUMANN,AR,72472,"http://maps.google.com/maps?q=221 MELTON AVE.,+TRUMANN,+AR+72472&hl=en"
TRUSSVILLE POLICE DEPARTMENT,TRUSSVILLE POLICE DEPARTMENT COURT,131 MAIN STREET,TRUSSVILLE,AL,35173,"http://maps.google.com/maps?q=131 MAIN STREET,+TRUSSVILLE,+AL+35173&hl=en"
TULLAHOMA POLICE DEPT,WALGREENS,700 NORTH JACKSON STREET,TULLAHOMA,TN,37388,"http://maps.google.com/maps?q=700 NORTH JACKSON STREET,+TULLAHOMA,+TN+37388&hl=en"
TUNICA COUNTY SHERIFF'S OFFICE,TUNICA COUNTY SHERIFF'S OFFICE,5126 COUNTY SHERIFF'S OFFICE,TUNICA,MS,38676,"http://maps.google.com/maps?q=5126 COUNTY SHERIFF'S OFFICE,+TUNICA,+MS+38676&hl=en"
TUPELO POLICE DEPARTMENT,TUPELO POLICE DEPARTMENT,400 NORTH FRONT STREET,TUPELO,MS,38804,"http://maps.google.com/maps?q=400 NORTH FRONT STREET,+TUPELO,+MS+38804&hl=en"
TUSCUMBIA POLICE DEPARTMENT,EXPRESS CARE OF THE SHOALS,1106 NORTH CAVE STREET,TUSCUMBIA,AL,35674,"http://maps.google.com/maps?q=1106 NORTH CAVE STREET,+TUSCUMBIA,+AL+35674&hl=en"
UNION CITY POLICE DEPARTMENT,BAPTIST MEMORIAL HOSPITAL,1201 BISHOP STREET,UNION CITY,TN,38261,"http://maps.google.com/maps?q=1201 BISHOP STREET,+UNION CITY,+TN+38261&hl=en"
VIBURNUM POLICE DEPARTMENT,HIGHLAND HEALTH CARE,VIBURNUM CENTER,VIBURNUM,MO,65566,"http://maps.google.com/maps?q=VIBURNUM CENTER,+VIBURNUM,+MO+65566&hl=en"
WALNUT RIDGE POLICE DEPARTMNET,"WALNUT RIDGE POLICE DEPARTMENT 
												
													PERMANENT DROP BOX",317 NW FOURTH STREET,WALNUT RIDGE,AR,72476,"http://maps.google.com/maps?q=317 NW FOURTH STREET,+WALNUT RIDGE,+AR+72476&hl=en"
WAYNE COUNTY SHERIFF'S OFFICE,WAYNE COUNTY SHERIFF,1016 ANDREW JACKSON DR.,WAYNESBORO,TN,38485,"http://maps.google.com/maps?q=1016 ANDREW JACKSON DR.,+WAYNESBORO,+TN+38485&hl=en"
WAYNE COUNTY SHERIFF'S OFFICE,WAYNE COUNTY SHERIFF'S OFFICE,100 MAPLE ST,GREENVILLE,MO,63944,"http://maps.google.com/maps?q=100 MAPLE ST,+GREENVILLE,+MO+63944&hl=en"
WEAKLEY COUNTY SHERIFF DEPARTMENT,FRED'S PHARMACY,1207 S MERIDIAN ST #1,GREENFIELD,TN,38230,"http://maps.google.com/maps?q=1207 S MERIDIAN ST #1,+GREENFIELD,+TN+38230&hl=en"
WEAKLEY COUNTY SHERIFF DEPARTMENT,FRED'S PHARMACY,8487 TN-22 #1,DRESDEN,TN,38225,"http://maps.google.com/maps?q=8487 TN-22 #1,+DRESDEN,+TN+38225&hl=en"
WEAKLEY COUNTY SHERIFF DEPARTMENT,TENNOVA HEALTHCARE- VOLUNTEER MARTIN HOSPITAL,161 MT. PELIA RD,MARTIN,TN,38237,"http://maps.google.com/maps?q=161 MT. PELIA RD,+MARTIN,+TN+38237&hl=en"
WEBSTER COUNTY SHERIFF'S OFFICE,WEBSTER COUNTY SHERIFF'S OFFICE,25 US HWY 41 A SOUTH,DIXON,KY,42409,"http://maps.google.com/maps?q=25 US HWY 41 A SOUTH,+DIXON,+KY+42409&hl=en"
WEST FRANKFORT POLICE DEPT,WEST FRANKFORT POLICE DEPARTMENT,201 EAST NOLEN STREET,WEST FRANKFORT,IL,62896,"http://maps.google.com/maps?q=201 EAST NOLEN STREET,+WEST FRANKFORT,+IL+62896&hl=en"
WEST MEMPHIS POLICE DEPARTMENT,"WEST MEMPHIS POLICE DEPARTMENT 
												
													PERMANENT DROP BOX",626 E. BROADWAY,WEST MEMPHIS,AR,72301,"http://maps.google.com/maps?q=626 E. BROADWAY,+WEST MEMPHIS,+AR+72301&hl=en"
WEST POINT POLICE DEPARTMENT,SAVE-A-LOT - PARKING LOT,"411 W MAIN ST,",WEST POINT,MS,39773,"http://maps.google.com/maps?q=411 W MAIN ST,,+WEST POINT,+MS+39773&hl=en"
WEST POINT POLICE DEPARTMENT,WAL-MART,HWY 45 N.,WEST POINT,MS,39773,"http://maps.google.com/maps?q=HWY 45 N.,+WEST POINT,+MS+39773&hl=en"
WESTMORELAND POLICE DEPT.,WESTMORELAND PD,1044 PLEASANT GROVE RD,WESTMORELAND,TN,37186,"http://maps.google.com/maps?q=1044 PLEASANT GROVE RD,+WESTMORELAND,+TN+37186&hl=en"
WHITE BLUFF POLICE DEPARTMENT,FRED'S PHARMACY,4928 HWY 70 EAST,WHITE BLUFF,TN,37187,"http://maps.google.com/maps?q=4928 HWY 70 EAST,+WHITE BLUFF,+TN+37187&hl=en"
WHITE COUNTY SHERIFF'S OFFICE,"WHITE COUNTY SHERIFF'S OFFICE 
												
													PERMANENT DROP BOX",1600 E BOOTH ROAD,SEARCY,AR,72143,"http://maps.google.com/maps?q=1600 E BOOTH ROAD,+SEARCY,+AR+72143&hl=en"
WHITE HOUSE POLICE DEPARTMENT,KROGERS,510 HWY 76,WHITE HOUSE,TN,37188,"http://maps.google.com/maps?q=510 HWY 76,+WHITE HOUSE,+TN+37188&hl=en"
WILLIAMSON COUNTY SHERIFF'S OFFICE,WALGREENS PHARMACY,1509 MURFREESBORO RD,FRANKLIN,TN,37067,"http://maps.google.com/maps?q=1509 MURFREESBORO RD,+FRANKLIN,+TN+37067&hl=en"
WILLIAMSON COUNTY SHERIFF'S OFFICE,WILLIAMSON COUNTY ADMINISTRATIVE BUILDING,407 N. MONROE,MARION,IL,62959,"http://maps.google.com/maps?q=407 N. MONROE,+MARION,+IL+62959&hl=en"
WILSON COUNTY SHERIFF'S DEPARTMENT,GIBBS PHARMACY,1427 W. BADDOUR PKWY #B,LEBANON,TN,37087,"http://maps.google.com/maps?q=1427 W. BADDOUR PKWY #B,+LEBANON,+TN+37087&hl=en"
WYNNE POLICE DEPARTMENT,"WYNNE POLICE DEPARTMENT 
												
													PERMANENT DROP BOX",206 S. FALLS,WYNNE,AR,72396,"http://maps.google.com/maps?q=206 S. FALLS,+WYNNE,+AR+72396&hl=en"
